{
  "2D": 156942.353999858,
  "3D": 1443.99899935725,
  "AssetLib": 20207.7440001964,
  "Assets": 766.022000074388,
  "Docs": 341.064999818801,
  "Editor": 422831.751997951,
  "Local Assets": 134.811999797821,
  "Orchestrator": 2.98900008201599,
  "PiForge AI": 533.490999698639,
  "Project Statistics": 368.678000450134,
  "Script": 242053.248998402,
  "TODO": 32.9809999465942,
  "Tasks": 5.18800020217896
}