{
  "3D": 57.4170000553131,
  "Editor": 57.4170000553131
}