{
  "2D": 113961.702999116,
  "3D": 122.669000625612,
  "AssetLib": 4031.57299947739,
  "Editor": 156569.229999305,
  "Script": 37227.7849998474,
  "Tasks": 1225.50000023841
}