{
  "2D": 119199.701999905,
  "3D": 151.677000761032,
  "AssetLib": 6575.27599978448,
  "Editor": 182950.537000896,
  "Script": 55798.382000208,
  "Tasks": 1225.50000023841
}