{
  "2D": 107411.947999001,
  "3D": 112.156000614166,
  "AssetLib": 3690.09099960327,
  "Editor": 149355.060999155,
  "Script": 36915.3659996987,
  "Tasks": 1225.50000023841
}