{
  "2D": 156614.562999491,
  "3D": 1303.42499971391,
  "AssetLib": 19277.8030002117,
  "Assets": 766.022000074388,
  "Docs": 341.064999818801,
  "Editor": 414187.719999079,
  "Local Assets": 134.811999797821,
  "Orchestrator": 2.98900008201599,
  "PiForge AI": 533.490999698639,
  "Project Statistics": 368.678000450134,
  "Script": 234808.87899971,
  "TODO": 32.9809999465942,
  "Tasks": 3.01200008392334
}