{
  "2D": 2994.70600032805,
  "3D": 184.410000085829,
  "AssetLib": 174.491000175475,
  "Board": 3.00099992752075,
  "Dialogue": 1.98600006103516,
  "Editor": 3897.50900053977,
  "Localization": 10.0020000934601,
  "Script": 527.908999919892,
  "Tasks": 1.00399994850159
}