{
  "2D": 6567.514999628067,
  "3D": 236.415000438691,
  "AssetLib": 1717.29699993133545,
  "Editor": 1269.81499958039,
  "Local Assets": 127.8069999217987,
  "Script": 75030.7809996605
}