{
  "2D": 154359.934999467,
  "3D": 1047.6059999466,
  "AssetLib": 16601.9190006257,
  "Assets": 766.022000074388,
  "Docs": 341.064999818801,
  "Editor": 408102.961999418,
  "Local Assets": 134.811999797821,
  "Orchestrator": 2.98900008201599,
  "PiForge AI": 533.490999698639,
  "Project Statistics": 368.678000450134,
  "Script": 233946.444999457
}