{
  "2D": 1.06799983978271,
  "3D": 20.5030000209808,
  "Editor": 69.4769999980927,
  "Script": 47.9060001373291
}