{
  "2D": 155526.976999524,
  "3D": 1048.61500000954,
  "AssetLib": 19201.7510004044,
  "Assets": 766.022000074388,
  "Docs": 341.064999818801,
  "Editor": 412485.121999505,
  "Local Assets": 134.811999797821,
  "Orchestrator": 2.98900008201599,
  "PiForge AI": 533.490999698639,
  "Project Statistics": 368.678000450134,
  "Script": 234560.887999774
}