{
  "2D": 113044.381999016,
  "3D": 118.218000650407,
  "AssetLib": 4031.57299947739,
  "Editor": 155647.45799923,
  "Script": 37227.7849998474,
  "Tasks": 1225.50000023841
}