{
  "2D": 115167.986999514,
  "3D": 126.029000520707,
  "AssetLib": 4530.34099960328,
  "Editor": 159121.634000065,
  "Script": 38071.7770001888,
  "Tasks": 1225.50000023841
}