{
  "2D": 14308.2520000937,
  "3D": 208.867000102995,
  "AssetLib": 692.842000246048,
  "Board": 4.97299981117248,
  "Dialogue": 3.00200009346009,
  "Editor": 23491.0180003645,
  "Localization": 10.0020000934601,
  "Script": 8260.0529999733,
  "Tasks": 3.02699995040894
}