{
  "2D": 10298.9450004101,
  "3D": 185.698000192641,
  "AssetLib": 174.491000175475,
  "Board": 3.00099992752075,
  "Dialogue": 1.98600006103516,
  "Editor": 12060.7900006771,
  "Localization": 10.0020000934601,
  "Script": 1385.66299986839,
  "Tasks": 1.00399994850159
}