{
  "2D": 154228.032999755,
  "3D": 829.878000020982,
  "AssetLib": 13063.2190010548,
  "Assets": 766.022000074388,
  "Docs": 341.064999818801,
  "Editor": 403750.272000075,
  "Local Assets": 134.811999797821,
  "Orchestrator": 2.98900008201599,
  "PiForge AI": 533.490999698639,
  "Project Statistics": 368.678000450134,
  "Script": 233482.084999323
}