{
  "2D": 122147.128999711,
  "3D": 179.92900109291,
  "AssetLib": 6575.27599978448,
  "Editor": 199084.009001733,
  "Script": 68956.1750009063,
  "Tasks": 1225.50000023841
}