{
  "2D": 2936.78500032424,
  "3D": 182.597000122069,
  "AssetLib": 174.491000175475,
  "Board": 3.00099992752075,
  "Dialogue": 1.98600006103516,
  "Editor": 3797.13000059127,
  "Localization": 10.0020000934601,
  "Script": 487.263999938965,
  "Tasks": 1.00399994850159
}