{
  "2D": 141.414000034332,
  "3D": 163.500999927521,
  "Editor": 382.770999908447,
  "Localization": 10.0020000934601,
  "Script": 67.8539998531342
}