{
  "2D": 28544.7259995942,
  "3D": 258.8149998188,
  "AssetLib": 1041.21700000763,
  "Board": 477.962999820709,
  "Dialogue": 7.99600005149842,
  "Editor": 52911.8849999909,
  "Localization": 10.0020000934601,
  "Script": 22568.1390006542,
  "Tasks": 3.02699995040894
}
