{
  "2D": 150000.40199971199,
  "3D": 248.973000526429,
  "AssetLib": 3346.29699993134,
  "Editor": 3579.2649996281,
  "Local Assets": 134.811999797821,
  "Script": 230000.7809996605
}