{
  "2D": 118641.277999881,
  "3D": 137.094000577927,
  "AssetLib": 4530.34099960328,
  "Editor": 162941.23300052,
  "Script": 38407.0200002193,
  "Tasks": 1225.50000023841
}