{
  "2D": 151210.003999949,
  "3D": 265.16300034523,
  "AssetLib": 4304.60699987412,
  "Editor": 386955.57199955,
  "Local Assets": 134.811999797821,
  "Script": 231040.985999584
}