{
  "2D": 121013.867999794,
  "3D": 163.144000768661,
  "AssetLib": 6575.27599978448,
  "Editor": 191943.853000881,
  "Script": 62966.0650002958,
  "Tasks": 1225.50000023841
}