{
  "2D": 91066.6689999103,
  "3D": 96.3729999065398,
  "AssetLib": 3594.3639998436,
  "Editor": 123151.703999996,
  "Script": 27279.3130002021,
  "Tasks": 1114.98500013351
}