{
  "2D": 136664.420998336,
  "3D": 255.132001399992,
  "AssetLib": 8427.11899900437,
  "Board": 28.5540001392365,
  "Editor": 227670.077000381,
  "Script": 81042.3610012535,
  "Tasks": 1252.49000024795
}