{
  "2D": 78112.9130001068,
  "3D": 83.5669994354248,
  "AssetLib": 3579.3599998951,
  "Editor": 109711.995999813,
  "Script": 26821.1710002422,
  "Tasks": 1114.98500013351
}