{
  "2D": 160343.035999303,
  "3D": 1485.29899930957,
  "AssetLib": 20898.6500003337,
  "Assets": 766.022000074388,
  "Docs": 341.064999818801,
  "Editor": 425550.409998897,
  "Local Assets": 134.811999797821,
  "Orchestrator": 2.98900008201599,
  "PiForge AI": 533.490999698639,
  "Project Statistics": 368.678000450134,
  "Script": 240638.198999881,
  "TODO": 32.9809999465942,
  "Tasks": 5.18800020217896
}