{
  "2D": 199410.740998512,
  "3D": 1671.95599961284,
  "AssetLib": 23091.0710003376,
  "Assets": 766.022000074388,
  "Docs": 341.064999818801,
  "Editor": 470882.766998535,
  "Local Assets": 134.811999797821,
  "Orchestrator": 2.98900008201599,
  "PiForge AI": 533.490999698639,
  "Project Statistics": 368.678000450134,
  "Script": 244523.773000003,
  "TODO": 32.9809999465942,
  "Tasks": 5.18800020217896
}