{
  "2D": 154228.032999755,
  "3D": 814.177000045778,
  "AssetLib": 13063.2190010548,
  "Assets": 766.022000074388,
  "Docs": 341.064999818801,
  "Editor": 403038.037000181,
  "Local Assets": 134.811999797821,
  "Orchestrator": 2.98900008201599,
  "PiForge AI": 533.490999698639,
  "Project Statistics": 368.678000450134,
  "Script": 232785.550999403
}