{
  "2D": 122263.354999543,
  "3D": 187.495001077651,
  "AssetLib": 7049.92499923707,
  "Board": 28.5540001392365,
  "Editor": 200969.59500146,
  "Script": 70187.7760012153,
  "Tasks": 1252.49000024795
}