{
  "2D": 155748.758999828,
  "3D": 1260.14099979401,
  "AssetLib": 19201.7510004044,
  "Assets": 766.022000074388,
  "Docs": 341.064999818801,
  "Editor": 413200.019999746,
  "Local Assets": 134.811999797821,
  "Orchestrator": 2.98900008201599,
  "PiForge AI": 533.490999698639,
  "Project Statistics": 368.678000450134,
  "Script": 234807.103999615,
  "TODO": 32.9809999465942,
  "Tasks": 3.01200008392334
}