{
  "2D": 120235.666999819,
  "3D": 154.304000616073,
  "AssetLib": 6575.27599978448,
  "Editor": 189820.777000668,
  "Script": 61630.0300002099,
  "Tasks": 1225.50000023841
}